income_id,date,type,source,currency,amount,exchange_rate,USD_equivalent,to_address,tx_reference,comment,url
1,20190301,donation,Minerbabe,GRIN,2162.16,3.2,6919.04,https://donations.grin-tech.org,18f15e60-fa6c-400a-bad5-1821555839b5,Dev fee received by kbminer,
2,20190304,donation,Grinmint by BlockCypher,GRIN,1281.3,3.3,4228.29,https://donations.grin-tech.org,8df506ff-6058-4d74-8028-e5ba5f3f28df,Grinmint 0.5% dev fee,
3,20190303,donation,Sparkpool,GRIN,5500,3.63,20000.29,https://donations.grin-tech.org,817e0a69-5ab0-421f-afc3-406f61dd2bb4,Sparkpool & anonymous miner donation,
4,20190304,donation,Grinmint by BlockCypher,USD,3600,1,3600,Discourse,-,BlockCypher financing last 6 months and next 2 years (so 30 months) of Discourse subscription (120 USD/month),
5,20190301,donation,Grin-pool.org,GRIN,17.087656585,3.27,55.88,https://donations.grin-tech.org,-,Mining pool february donation,https://hendi.io/february-2019-our-first-donation-to-grin/
6,20190308,donation,Bminer,BTC,3.2336,4017.3,12990.34,3ChVP627KU5w4zu2rieFPF3wGXWQgmhvrs,ce86a17cfa256efc9a72190aee223ec75a38e03fc86ba2858c7c2d10d6dddfc3,Shared miner dev fees,
8,20181220,donation,Aurel,BTC,6.1169,4134.44,25289.96,3ChVP627KU5w4zu2rieFPF3wGXWQgmhvrs,85251acf39fb801d04bd285ce91c115b875edc29a36103975212043f5e5ff2c4,Security audit funding campaign,https://forum.grin.mw/t/security-audit-funding-campaign/962
14,20190314,donation,GGM,GRIN,630.965700337,2.70,1703.61,https://donations.grin-tech.org,a1ef9ba5-4fd8-4ffb-bcde-19c26e21b366,Dev miner fee on Grinmint grincouncil account (mostly or only GGM),
15,20190313,donation,Daisuke Shosaki,BTC,0.03939,3906.72,153.89,3ChVP627KU5w4zu2rieFPF3wGXWQgmhvrs,fcc646fa3d97af9d80dbecf5812d023c2edfd31b99f9cf592076554b7ac01496,Japanese Grin supporter,
16,20190330,donation,Liu Jie,GRIN,500,3.24,1620,https://donations.grin-tech.org,-,Donation as part of the prize of Grin Chinese Naming event,https://forum.grin.mw/t/give-grin-a-chinese-name-grin/4376/105
17,20190128,donation,Bminer,BTC,4.41,3470.45,15304.68,3ChVP627KU5w4zu2rieFPF3wGXWQgmhvrs,8b931ad0553b0e05ca8f52dd7c15ba53ed2374638686a152a94047ed7cb868f0,Shared miner dev fees,
18,20190402,donation,grin-pool.org,GRIN,12.65,3.50,44.275,https://donations.grin-tech.org,-,Mining pool March donation,
19,20190403,donation,2Miners,BTC,0.2015,4973.02,1002.06,3ChVP627KU5w4zu2rieFPF3wGXWQgmhvrs,f9916cf348deb24f7223ccb832d4ef9f55784c7d1b34431030381cb6dc7ef23c,Donation for inclusion in Friends of Grin,
20,20190405,donation,Grinmint by BlockCypher,GRIN,791.1,3.17,2507.79,https://donations.grin-tech.org,e9e0099f-db8b-4c8a-9e3b-bbbe8bbcaca6,Grinmint 0.5% dev fee,
21,20190406,donation,Minerbabe,GRIN,263.4,3.21,845.5,https://donations.grin-tech.org,0b2fd352-bc6d-4556-b1d3-bd1d9259ffef,kbminer dev fee,
22,20190411,donation,Sparkpool,ETH,58.48,171.0,10017.18,0x16726940ecebdfb3c352c29bf2620f59ef919a3b,0xe0f9b1997cc416d1692d3da4a0ac136de98485e44c188280dfbc96276d64b983,Sparkpool & anonymous miner donation,
23,20190411,donation,Sparkpool,GRIN,3490.0,2.87,10016.30,https://donations.grin-tech.org,-,Sparkpool & anonymous miner donation,
24,20190413,conversion,lehnberg,BTC,0.12263024,5090.29,624.22,3ChVP627KU5w4zu2rieFPF3wGXWQgmhvrs,369e9a17844d98be7addeca75dee36e1f78b644e6863fc664b0bda90fadbc565,Conversion of ETH to BTC,
25,20190315,donation,Poloniex,BTC,1.27864,3960.91,5064.58,3ChVP627KU5w4zu2rieFPF3wGXWQgmhvrs,007815dfcf6ad13016e6b190c49858456b94e0b21c5f3f49fc2fa61c8b929443,Monthly donation to general fund #1,https://medium.com/circle-blog/poloniex-enables-grin-withdrawals-donates-to-grin-general-fund-114906884f95
26,20190416,donation,Poloniex,BTC,0.67078,5235.56,3511.91,3ChVP627KU5w4zu2rieFPF3wGXWQgmhvrs,1cd64e2fcebb0e57057887737d38e1853bbcf9de7eafadd9d8e75c51f0e6b7b7,Monthly donation to general fund #2,
27,20190301,change,N/A,BTC,16.30469134,3859.58,62929.26,3JAqRiaWgFvARgpDL31eZ696Dt59nFUYjw,022feacd15899425ee5a164f6e67a3f8701ce4fecbad8bf4532f2576f172a468,change as part of paying coinspect deposit,
28,20181030,test,unknown,BTC,0.00024306,6334.27,1.54,3ChVP627KU5w4zu2rieFPF3wGXWQgmhvrs,81b6f9bfb59bdca3dec5532892cdec62513ffd999ed52ab96d5a7ce9fae052a6,Test receive transaction,
29,20181030,donation,unknown,BTC,0.1,6334.27,633.43,3ChVP627KU5w4zu2rieFPF3wGXWQgmhvrs,8757df1663893cd5dca5615229061bae71ac94959c9f072f51f174c116f744a4,,
30,20181030,donation,unknown,BTC,0.00111222,6334.27,7.05,3ChVP627KU5w4zu2rieFPF3wGXWQgmhvrs,57aec0655d8c590145b5b7d710c709bb1b7f980767ed20387b4b9e086372d545,,
31,20181030,donation,unknown,BTC,0.00559183,6334.27,35.42,3ChVP627KU5w4zu2rieFPF3wGXWQgmhvrs,943f85bcda6a94d4e7c5c58c355ede027f2f24e9ec326d921e53a02a04a801be,,
32,20181030,donation,unknown,BTC,0.02,6334.27,126.69,3ChVP627KU5w4zu2rieFPF3wGXWQgmhvrs,9538c89fd1ba5cc306c83edf0b1f8b0ad5acc5784dd9532c2c21cc13a66c1aba,,
33,20181030,donation,unknown,BTC,0.00290268,6334.27,18.39,3ChVP627KU5w4zu2rieFPF3wGXWQgmhvrs,0c8aabb9d2b817b85fb1a56e4060187bc2cc1eb678c179a20d0e16c879a11cde,,
34,20181101,donation,unknown,BTC,0.1,6377.78,637.78,3ChVP627KU5w4zu2rieFPF3wGXWQgmhvrs,fcf92ad761d8f46ed6dc45fcde7167fd1259c89356bb4f086096564a37093cd8,,
35,20181101,donation,unknown,BTC,0.03,6377.78,191.33,3ChVP627KU5w4zu2rieFPF3wGXWQgmhvrs,33c43ef6b6df5a666c80f9b028bbbe3ec019d61d090122977e8bfe40bcaf32f3,,
36,20181102,donation,unknown,BTC,0.08,6388.44,511.08,3ChVP627KU5w4zu2rieFPF3wGXWQgmhvrs,3996b38acad3533773cbe44e732f49bc04bcfd99b33eb0aa1fb7eb019eb53478,,
37,20181102,donation,unknown,BTC,0.0095,6388.44,60.69,3ChVP627KU5w4zu2rieFPF3wGXWQgmhvrs,21aa883a292365535581f7d2fd442513d81239d9c74b068922e82b93daabe7b7,,
38,20181104,donation,unknown,BTC,0.46962122,6376.13,2994.37,3ChVP627KU5w4zu2rieFPF3wGXWQgmhvrs,7073bf10330af667bc498f52efc26ac1d79553c1bdf916d98a86be51b0384c88,,
39,20181108,donation,unknown,BTC,0.46281,6453.72,2986.85,3ChVP627KU5w4zu2rieFPF3wGXWQgmhvrs,257823bc7823bc05957e9dfbc64dbe88d9f6e7bd11ea7a1a1e8fb06417b85882,,
40,20181109,donation,unknown,BTC,0.47,6385.62,3001.24,3ChVP627KU5w4zu2rieFPF3wGXWQgmhvrs,c647424e36dc38fb8793949500d8d5b4e49939da1ad2c5473a6b344f2b968756,,
41,20181109,donation,unknown,BTC,0.46520282,6385.62,2970.61,3ChVP627KU5w4zu2rieFPF3wGXWQgmhvrs,ecff296a9f6217c6ff754a8fbbb9277298844888589a7e20e9126da763d57c63,,
42,20181111,donation,unknown,BTC,0.002,6411.27,12.82,3ChVP627KU5w4zu2rieFPF3wGXWQgmhvrs,934217bf1df7e8b835cf5b75e63824317fda827aa5d36f5d3a852b7f18b0e723,,
43,20181111,donation,unknown,BTC,2,6411.27,12822.54,3ChVP627KU5w4zu2rieFPF3wGXWQgmhvrs,77dc3528d04e2146151ddd761f3047aa6c44d9f3f45415d89a8405f971f97428,,
44,20181111,donation,unknown,BTC,0.001,6411.27,6.41,3ChVP627KU5w4zu2rieFPF3wGXWQgmhvrs,f248fbdb46698a125f7b4b3b4d94385d6d873522a90d1196e0ac6cac5a09799b,,
45,20181112,donation,unknown,BTC,0.00889599,6371.27,56.68,3ChVP627KU5w4zu2rieFPF3wGXWQgmhvrs,8bcc6faff41806e59908c5d22ee2d746c51e41ac732d88871f8d2762622ada21,,
46,20181113,donation,unknown,BTC,0.02,6359.49,127.19,3ChVP627KU5w4zu2rieFPF3wGXWQgmhvrs,3fbd857ba11547048a9969185254272f37d02982c8be1dce8c8a8b197845cd2b,,
47,20181116,donation,unknown,BTC,0.01024812,5575.55,57.14,3ChVP627KU5w4zu2rieFPF3wGXWQgmhvrs,3465fc640e37655d846b49ac7eef3361cc7d28707e1148dbf9d40ece833501e5,,
48,20181123,donation,unknown,BTC,0.005,4347.11,21.74,3ChVP627KU5w4zu2rieFPF3wGXWQgmhvrs,ea7c0ccbbe2569fdb9e97e958ac1cc3e0c9dd4079cf1e8356f6990cedc3b2674,,
49,20181123,donation,unknown,BTC,1,4347.11,4347.11,3ChVP627KU5w4zu2rieFPF3wGXWQgmhvrs,603ce6c683df90adca6d888b225422fa174d8c3bcedbdd27e11ef7a327f55438,,
50,20181128,donation,unknown,BTC,0.0095,4257.42,40.45,3ChVP627KU5w4zu2rieFPF3wGXWQgmhvrs,8bf1e9da98f2390a4c89bc0383f61dbb0a0ab21b54b3a3a2c52fd2e12d8e58cd,,
51,20181206,donation,unknown,BTC,0.09668669,3521.10,340.44,3ChVP627KU5w4zu2rieFPF3wGXWQgmhvrs,fe5fa9ce839b179a88653b68f758417bfe68c6864835ec4e37614a6804e308e2,,
52,20181208,donation,unknown,BTC,0.15,3476.11,521.42,3ChVP627KU5w4zu2rieFPF3wGXWQgmhvrs,e033dd5396d580e39908d3d83060117945aa7dfafa8b8b92bc2b262b0bfecd71,,
53,20181208,donation,unknown,BTC,0.3,3476.11,1042.83,3ChVP627KU5w4zu2rieFPF3wGXWQgmhvrs,63225f422fa5bc665a296e5002d3840aaf9aaa465fdca2f711638c98e5ba0a2c,,
54,20181208,donation,unknown,BTC,0.1,3476.11,347.61,3ChVP627KU5w4zu2rieFPF3wGXWQgmhvrs,4faf81247bf43fe50a962e160663f7d359832a4bf3557c4c7b34a25cd5d26b67,,
55,20181211,donation,unknown,BTC,0.03,3424.59,102.74,3ChVP627KU5w4zu2rieFPF3wGXWQgmhvrs,7eb24a6e6b200046be37f46a96888f263c8a64680c12e20a6d4eaeef2a51e0e1,,
56,20181224,donation,unknown,BTC,0.1,4078.60,407.86,3ChVP627KU5w4zu2rieFPF3wGXWQgmhvrs,0a0ea8fe9996ef1261bf6a2fa4cd03569b56b0c644d15ded3f25cd2d8aa8cb38,,
57,20181224,donation,unknown,BTC,0.01,4078.60,40.79,3ChVP627KU5w4zu2rieFPF3wGXWQgmhvrs,fad4c16a5b5c1450b522b98671100a8496f51a0d35c998e22d54f8f92a10be40,,
58,20181230,donation,unknown,BTC,0.01,3865.95,38.66,3ChVP627KU5w4zu2rieFPF3wGXWQgmhvrs,83a61ed5d2aa91c55f11e565a0d0cead5d7fb0c9d28a0242511280a25c16a728,,
59,20190104,donation,unknown,BTC,0.01,3857.72,38.58,3ChVP627KU5w4zu2rieFPF3wGXWQgmhvrs,b3267ee3b100a52153f3f174db9dcb63c8435624f5d34006569037fe205ababf,,
60,20190106,donation,unknown,BTC,0.28,4076.63,1141.46,3ChVP627KU5w4zu2rieFPF3wGXWQgmhvrs,6ca96ccbf7c34e9e69328157044ef2421a02659fcc3c8716cd09ad346d2f1d7f,,
61,20190108,donation,unknown,BTC,0.37598,4030.85,1515.52,3ChVP627KU5w4zu2rieFPF3wGXWQgmhvrs,00f083bc68b468f7c38681e346343b55a736034080b5945daa967a7d8e102908,,
62,20190109,donation,unknown,BTC,0.3,4035.30,1210.59,3ChVP627KU5w4zu2rieFPF3wGXWQgmhvrs,49b2ea87377ab7e9142780b8e366640db1d7e8c7f97af43d9921a7367d82aa09,,
63,20190109,donation,unknown,BTC,0.00358,4035.30,14.45,3ChVP627KU5w4zu2rieFPF3wGXWQgmhvrs,f4b4780ccf2781e406ca6dece298063084fb7c650ee7d3fd245991e887a9b336,,
64,20190116,donation,unknown,BTC,0.064247,3655.01,234.82,3ChVP627KU5w4zu2rieFPF3wGXWQgmhvrs,2fe20be9aad16f3e614add0b69ed1b1994884362f68233265e10246180d0a90b,,
65,20190117,donation,unknown,BTC,0.28,3678.56,1030.00,3ChVP627KU5w4zu2rieFPF3wGXWQgmhvrs,02bd719885ff14ac742621cb8382a4444c97ab23145eab0f88e15c9cef7ca50c,,
66,20190123,donation,unknown,BTC,0.042,3585.12,150.58,3ChVP627KU5w4zu2rieFPF3wGXWQgmhvrs,062cb803bdafef086ede12e223a1dd3b043eb070ee66812aa322957262df2815,,
67,20190123,donation,unknown,BTC,0.0001337,3585.12,0.48,3ChVP627KU5w4zu2rieFPF3wGXWQgmhvrs,26701a2e5a3fcd55836897ddb388348f54d433dbdcbab450fc147403759b428d,,
68,20190124,donation,unknown,BTC,0.27751846,3600.87,999.31,3ChVP627KU5w4zu2rieFPF3wGXWQgmhvrs,075f6c827a99e6a7197b715496cd2e1d6fce4f5e399e04416f7bed1494b98ba1,,
69,20190124,donation,unknown,BTC,0.06876,3600.87,247.60,3ChVP627KU5w4zu2rieFPF3wGXWQgmhvrs,75452bc84d2c05ef92f48ac2e783f5fc8a36b235b841c7fa88ae9ec84e1e01d5,,
70,20190129,donation,unknown,BTC,0.02,3448.12,68.96,3ChVP627KU5w4zu2rieFPF3wGXWQgmhvrs,064cb07bd1494f48a58dac99928b9e93a15bf83914673e4a5eea16df73e623f2,,
71,20190129,donation,unknown,BTC,2,3448.12,6896.24,3ChVP627KU5w4zu2rieFPF3wGXWQgmhvrs,3169d1b575955648694da900d3f8d6aed34e65cdcf79f3ed16e6996788fda714,,
72,20190205,donation,unknown,BTC,0.41196,3466.36,1428.00,3ChVP627KU5w4zu2rieFPF3wGXWQgmhvrs,93c24cc400b45569dcb882d0e03b7de5de3c3b44f66cc4bf733d26529e1680fd,,
73,20190208,donation,unknown,BTC,0.00027326,3666.78,1.00,3ChVP627KU5w4zu2rieFPF3wGXWQgmhvrs,1f13d2aaef2455872e07132c44c4df71e166252c5185cef293ad67d44b5e8ab4,,
74,20190215,donation,unknown,BTC,0.02943341,3620.81,106.57,3ChVP627KU5w4zu2rieFPF3wGXWQgmhvrs,068726801d6cd794f060a30ef4fcda2112b0e61ba150c6e7bdecceaadcac855a,,
75,20190216,donation,unknown,BTC,0.0304,3629.79,110.35,3ChVP627KU5w4zu2rieFPF3wGXWQgmhvrs,ff6da41e78879aace89060892949275189bc85a07e46de0958a1b1cf340d114f,,
76,20181002,test,unknown,BTC,0.00119303,6556.10,7.82,bc1qdgs8vkpzr256qjlzlfht72z3mhcrdrt6wj2rfjw39j8us24gz8uq78qj65,f14b22f9c6fe52b2914db5a934cbc98c2254affff6eb3e1a74416bd3234fc525,test receive transaction,
77,20181003,donation,unknown,BTC,0.00308575,6502.59,20.07,bc1qdgs8vkpzr256qjlzlfht72z3mhcrdrt6wj2rfjw39j8us24gz8uq78qj65,443da421d716e8abeb902d1d657c41cacec00e3a1b921186086a8429ae211b72,,
78,20181003,donation,unknown,BTC,0.00120561,6502.59,7.84,bc1qdgs8vkpzr256qjlzlfht72z3mhcrdrt6wj2rfjw39j8us24gz8uq78qj65,947e7113e10ddd28e932da7c93e0fd82f7851684599b18bdf7b63ec2bf83b943,,
79,20181005,donation,unknown,BTC,0.0153,6622.48,101.32,bc1qdgs8vkpzr256qjlzlfht72z3mhcrdrt6wj2rfjw39j8us24gz8uq78qj65,1e7d6bc3fcebda55688caa4fa3474adc299f861ce2431416908798ecd15d540e,,
80,20181006,donation,unknown,BTC,0.0152361,6588.31,100.38,bc1qdgs8vkpzr256qjlzlfht72z3mhcrdrt6wj2rfjw39j8us24gz8uq78qj65,c5870316e3abe41372de75efb75d5275068471f2bc67034ac3eff317d0571a7a,,
81,20181010,donation,unknown,BTC,0.0001,6585.53,0.66,bc1qdgs8vkpzr256qjlzlfht72z3mhcrdrt6wj2rfjw39j8us24gz8uq78qj65,fb6c3569a875a81b4b20ec7ef43fbc778216c3d5434a61671c9256e8105ce662,,
82,20181010,donation,kargakis,BTC,0.04356235,6585.53,286.88,bc1qdgs8vkpzr256qjlzlfht72z3mhcrdrt6wj2rfjw39j8us24gz8uq78qj65,403e984aae9e5fc7262a504ee53f5cb1aeab0934cc96b815c3830c838ba5621e,Donation to the Grin Security Audit Campaign,https://grin-tech.org/sec_audit
83,20181011,donation,unknown,BTC,0.0333,6256.24,208.33,bc1qdgs8vkpzr256qjlzlfht72z3mhcrdrt6wj2rfjw39j8us24gz8uq78qj65,fbb2acbc40b5dee629b136080af86650fc6c1892c29f71963d037c2f6d5d36db,,
84,20181012,donation,unknown,BTC,0.02468113,6274.58,154.86,bc1qdgs8vkpzr256qjlzlfht72z3mhcrdrt6wj2rfjw39j8us24gz8uq78qj65,2a86790b3f113b2b1954c14a329ed7fc257f515a4d63259861cd9d9d5400a121,,
85,20181012,donation,unknown,BTC,0.01,6274.58,62.75,bc1qdgs8vkpzr256qjlzlfht72z3mhcrdrt6wj2rfjw39j8us24gz8uq78qj65,68f945457b47e300997a88189e93066fcf83677a8f2a1ff8dadc8529bfd41376,,
86,20181015,donation,unknown,BTC,0.00360789,6596.54,23.80,bc1qdgs8vkpzr256qjlzlfht72z3mhcrdrt6wj2rfjw39j8us24gz8uq78qj65,85abca3ab5b375d4015f6d82eab91ae6e4505b9a5d9bf309ad7ea3b186a81d6b,,
87,20181016,donation,unknown,BTC,0.0449152,6596.11,296.27,bc1qdgs8vkpzr256qjlzlfht72z3mhcrdrt6wj2rfjw39j8us24gz8uq78qj65,54c35a956702a073546072b0e6ef7b45d77e128275991036996f5cced077d95a,,
88,20181017,donation,unknown,BTC,0.006665,6544.43,43.62,bc1qdgs8vkpzr256qjlzlfht72z3mhcrdrt6wj2rfjw39j8us24gz8uq78qj65,c179aeed6cfb42bd19c7b467ee44da5a048e9a32a17bf9ba0ac6adbe73b13db3,,
89,20181018,donation,unknown,BTC,0.0016238,6476.71,10.52,bc1qdgs8vkpzr256qjlzlfht72z3mhcrdrt6wj2rfjw39j8us24gz8uq78qj65,9b3a7db81ec19bc8fc7bdd34908a48702cbba3cbe51e1c72c280a5e5c12b8b77,,
90,20181021,donation,unknown,BTC,0.20102018,6482.35,1303.08,bc1qdgs8vkpzr256qjlzlfht72z3mhcrdrt6wj2rfjw39j8us24gz8uq78qj65,5fb9356a2be0313f1c8351da552c91f7e66c74ab7ce5b3a588c42e5692510317,,
91,20181023,donation,unknown,BTC,0.005,6475.74,32.38,bc1qdgs8vkpzr256qjlzlfht72z3mhcrdrt6wj2rfjw39j8us24gz8uq78qj65,d28b2ccd1a29a07a3f0c37f9915658ccbeb282185ae3fa0d65c2cac304c61b22,,
92,20181027,donation,unknown,BTC,0.00146181,6480.38,9.47,bc1qdgs8vkpzr256qjlzlfht72z3mhcrdrt6wj2rfjw39j8us24gz8uq78qj65,596810b454929bba9a1421c678ef137ec890a3b26b2ca90e44e5f67891619598,,
93,20181029,donation,unknown,BTC,0.00471,6332.63,29.83,bc1qdgs8vkpzr256qjlzlfht72z3mhcrdrt6wj2rfjw39j8us24gz8uq78qj65,31824792cd9d45aeb8bfb62b5544075c3586c54f6326ebfd52da99c28957eca3,,
94,20181029,donation,unknown,BTC,0.1,6332.63,633.26,bc1qdgs8vkpzr256qjlzlfht72z3mhcrdrt6wj2rfjw39j8us24gz8uq78qj65,ee9a2bbb80251d6b97a0ed8d91463f048b11a6d3af10e2cb7a164767718efc6d,,
95,20181030,donation,unknown,BTC,3.14160631,6334.27,19899.78,bc1qdgs8vkpzr256qjlzlfht72z3mhcrdrt6wj2rfjw39j8us24gz8uq78qj65,a9b455649cc9e2509bea8aa2e8ee79f95b34c71e270589599880bc86573e8037,,
96,20181030,donation,unknown,BTC,0.00850393,6334.27,53.87,bc1qdgs8vkpzr256qjlzlfht72z3mhcrdrt6wj2rfjw39j8us24gz8uq78qj65,8c88883075352f0a89c40db9cd00ba5cab14bb304b5b95bed4ec159d3e1c62e4,,
97,20181030,donation,unknown,BTC,0.05,6334.27,316.71,bc1qdgs8vkpzr256qjlzlfht72z3mhcrdrt6wj2rfjw39j8us24gz8uq78qj65,b769ecf7011476252340b8d0c822599bf203d6d6c385f3cf31417572bf834244,,
98,20181031,donation,unknown,BTC,0.04026507,6317.61,254.38,bc1qdgs8vkpzr256qjlzlfht72z3mhcrdrt6wj2rfjw39j8us24gz8uq78qj65,c9b9cb7eaae62c5d311267f9b5cd30840e9f27c4b1106fa7f69f8edc3e05ad81,,
99,20181101,donation,unknown,BTC,0.03975,6377.78,253.52,bc1qdgs8vkpzr256qjlzlfht72z3mhcrdrt6wj2rfjw39j8us24gz8uq78qj65,98bb646836e3043436bf10add0b83859a84f0b0353180991b70d042b59f636fb,,
100,20181102,donation,unknown,BTC,0.00496118,6388.44,31.69,bc1qdgs8vkpzr256qjlzlfht72z3mhcrdrt6wj2rfjw39j8us24gz8uq78qj65,3bb088f6762b6009d2b83738dd2dd64fd0a6cfb7a1f5e9481ae5e60d45824897,,
101,20181107,donation,unknown,BTC,0.01,6530.14,65.30,bc1qdgs8vkpzr256qjlzlfht72z3mhcrdrt6wj2rfjw39j8us24gz8uq78qj65,23e11683bddfd56cf8d59b2046a6dfe2edaed57d27c82b3c469fd133d2a03d22,,
102,20181110,donation,unknown,BTC,0.0021978,6409.22,14.09,bc1qdgs8vkpzr256qjlzlfht72z3mhcrdrt6wj2rfjw39j8us24gz8uq78qj65,d82a0f385290a1fcb92dec303d71ab3fac431e1dcb48432281b81190689f7cbb,,
103,20181120,donation,unknown,BTC,0.00692158,4451.87,30.81,bc1qdgs8vkpzr256qjlzlfht72z3mhcrdrt6wj2rfjw39j8us24gz8uq78qj65,427db67d9fc7ba561612dfc5cb5fce948e0aae43d7fbb163ff70700facd536a0,,
104,20181121,donation,unknown,BTC,0.025,4602.17,115.05,bc1qdgs8vkpzr256qjlzlfht72z3mhcrdrt6wj2rfjw39j8us24gz8uq78qj65,8fc42dd1d5ac82b8d5d37b686ac026f0c181083af5a30c1344c08cf173f14a31,,
105,20181127,donation,unknown,BTC,0.002,3820.72,7.64,bc1qdgs8vkpzr256qjlzlfht72z3mhcrdrt6wj2rfjw39j8us24gz8uq78qj65,05f02afeff6d6c4d1402571e005049d87735a6ac07a85216d440313a9c8f528f,,
106,20181128,donation,unknown,BTC,0.05,4257.42,212.87,bc1qdgs8vkpzr256qjlzlfht72z3mhcrdrt6wj2rfjw39j8us24gz8uq78qj65,52b196fe7c76e96055592ca4662e73a746104f59dc8134f1a139da431b7bd36f,,
107,20181129,donation,unknown,BTC,0.10001797,4278.85,427.96,bc1qdgs8vkpzr256qjlzlfht72z3mhcrdrt6wj2rfjw39j8us24gz8uq78qj65,1cd28d315728c10a71d4327b929e408a2ac5cd17189cee1eeab28676a5bd86f0,,
108,20181201,donation,unknown,BTC,0.12777,4214.67,538.51,bc1qdgs8vkpzr256qjlzlfht72z3mhcrdrt6wj2rfjw39j8us24gz8uq78qj65,02af10853ccabb961143fa0187689c9bfab0d69a9dfcb81283af5ee3eab0620e,,
109,20181203,donation,unknown,BTC,1,3894.13,3894.13,bc1qdgs8vkpzr256qjlzlfht72z3mhcrdrt6wj2rfjw39j8us24gz8uq78qj65,a81b3cbaba43fa70b3f5be8bbc2d16d3dee06d3617faa7a6dab73c210b0edf2d,,
110,20181205,donation,unknown,BTC,0.0015,3753.99,5.63,bc1qdgs8vkpzr256qjlzlfht72z3mhcrdrt6wj2rfjw39j8us24gz8uq78qj65,45052bffdd51c68c50e5d9dff46aba7a50d922cb7efc3807c5edcd2c2aec8807,,
111,20181221,donation,unknown,BTC,0.03,3896.54,116.90,bc1qdgs8vkpzr256qjlzlfht72z3mhcrdrt6wj2rfjw39j8us24gz8uq78qj65,76ea404a121ff508ba3d5881046342c72cd5951057e283acc8646e850bf90d6a,,
112,20190118,donation,unknown,BTC,0.03190333,3657.84,116.70,bc1qdgs8vkpzr256qjlzlfht72z3mhcrdrt6wj2rfjw39j8us24gz8uq78qj65,d88b2449544e414d411e0c6f9ceb22cad5d7260b41ffc91aafe4bcce35308115,,
113,20190206,donation,unknown,BTC,0.005,3413.77,17.07,bc1qdgs8vkpzr256qjlzlfht72z3mhcrdrt6wj2rfjw39j8us24gz8uq78qj65,198ec6871084c894e88336872a5d7e035d4034e917858cf7fae48a281c66080d,,
114,20190209,donation,unknown,BTC,0.00136946,3671.20,5.03,bc1qdgs8vkpzr256qjlzlfht72z3mhcrdrt6wj2rfjw39j8us24gz8uq78qj65,61a4a4d01de89eb109ae68fbd4be2b36bb76a773f4fc8dd3b43cfa3972fea4d3,,
115,20190210,donation,unknown,BTC,3.5,3690.19,12915.67,bc1qdgs8vkpzr256qjlzlfht72z3mhcrdrt6wj2rfjw39j8us24gz8uq78qj65,ce409d7a4e193edfba1f13fe2698ce104956733d1a286f9935290977abce0312,,
116,20181202,donation,unknown,ZEC,0.2,79.16,15.83,t1QGYYXan3HHEuiPEfccKnUuWEP4CsVvPA5,451aa2c711d314d0afc7be9d5944cfb3dc98fa83c8aa51aca2f11c9c75f9a95e,,
117,20181203,donation,unknown,ZEC,0.2,70.8,14.16,t1QGYYXan3HHEuiPEfccKnUuWEP4CsVvPA5,51891a983f1d640e879f1cc5c3baa822e34f9f0228dd1b7916fa376bcb9a6fd6,,
118,20181203,donation,unknown,ZEC,0.2,70.8,14.16,t1QGYYXan3HHEuiPEfccKnUuWEP4CsVvPA5,b10ba22504ac41da06e7c6be0334a3f8e43c0b1b1774844c80b752657da287f2,,
119,20181203,donation,unknown,ZEC,0.2,70.8,14.16,t1QGYYXan3HHEuiPEfccKnUuWEP4CsVvPA5,9d9a232a2ed10077d84b28dc6a9ef11483fe6aabf17fb64ab9499989886c183d,,
120,20181204,donation,unknown,ZEC,0.2,74.69,14.94,t1QGYYXan3HHEuiPEfccKnUuWEP4CsVvPA5,8e9814f301a0c9e9626a391046a88566f64726ee85d356f6bdcb4d95395b17de,,
121,20181205,donation,unknown,ZEC,0.2,66.42,13.28,t1QGYYXan3HHEuiPEfccKnUuWEP4CsVvPA5,a648e0d8a9855bcb67929271d6b05d1ce14e7615908949ef03d4e537c1a7e46b,,
122,20181206,donation,unknown,ZEC,0.2,58.81,11.76,t1QGYYXan3HHEuiPEfccKnUuWEP4CsVvPA5,3835a653be6d3195cbc9f04a54cff3b7eca6ea2ba42b53ac4238f5b5b4311bf2,,
123,20181207,donation,unknown,ZEC,0.2,59.33,11.87,t1QGYYXan3HHEuiPEfccKnUuWEP4CsVvPA5,a22e1eb90d7624dee14b575e95cfcd6c0cc3a0efb7578efb752974816b0f1f78,,
124,20181208,donation,unknown,ZEC,0.2,57.58,11.52,t1QGYYXan3HHEuiPEfccKnUuWEP4CsVvPA5,c2cedf515909306f01a87a050525fccf5a05f73b6dd5557c184dac5f805afda2,,
125,20181209,donation,unknown,ZEC,0.2,61.09,12.22,t1QGYYXan3HHEuiPEfccKnUuWEP4CsVvPA5,bf2562e9306ee05a12d3501df7f0c2fa0880d1ec7bc51d17b72beea9630c1c79,,
126,20181210,donation,unknown,ZEC,0.2,56.68,11.34,t1QGYYXan3HHEuiPEfccKnUuWEP4CsVvPA5,378a4c628eb00785fa08a626f977dc9d2eca6618b49ac989be9441ad9d5f19fb,,
127,20181211,donation,unknown,ZEC,0.2,54.31,10.86,t1QGYYXan3HHEuiPEfccKnUuWEP4CsVvPA5,357f3f473cedf1369ffde5280fbc0bb54d7a0c6b2cd86eccad1ee302b007d748,,
128,20181212,donation,unknown,ZEC,0.2,55.51,11.10,t1QGYYXan3HHEuiPEfccKnUuWEP4CsVvPA5,2a944fd13b4fb968d62a3d3308f533629bb846b4b117c6fe297c6ebc0bef13ee,,
129,20181213,donation,unknown,ZEC,0.2,51.68,10.34,t1QGYYXan3HHEuiPEfccKnUuWEP4CsVvPA5,5b736a7ea0c82ba4475cf37e42153cd21772057c86cb44b92c25eb83779dc4b2,,
130,20181214,donation,unknown,ZEC,0.2,49.22,9.84,t1QGYYXan3HHEuiPEfccKnUuWEP4CsVvPA5,6b0df6d6dcdbd1377d8e22377b3f72fd92ed1a8d405a77223fddfac1ecc4deb5,,
131,20181215,donation,unknown,ZEC,0.2,50.21,10.04,t1QGYYXan3HHEuiPEfccKnUuWEP4CsVvPA5,fe5fdfcdd40010e225cb26d22b4f171e601434d18767bba143307a046e4d8dc1,,
132,20181215,donation,unknown,ZEC,2,50.21,100.42,t1QGYYXan3HHEuiPEfccKnUuWEP4CsVvPA5,e993f68b951a8613ec050877baf96849a9a8c1533ed2fa14089aa75017391b2a,,
133,20181215,donation,unknown,ZEC,0.2,50.21,10.04,t1QGYYXan3HHEuiPEfccKnUuWEP4CsVvPA5,53e799b468f8803a12a53431707c21c08dd6ff72f6cd152f27b923daf1a3d04b,,
134,20181216,donation,unknown,ZEC,0.2,51.41,10.28,t1QGYYXan3HHEuiPEfccKnUuWEP4CsVvPA5,2601c82c2581cc9d58fb09c8bb68e3bca8fcdd08e69e3ac26c86eed39df5b47c,,
135,20181221,donation,unknown,ZEC,0.2,61.68,12.34,t1QGYYXan3HHEuiPEfccKnUuWEP4CsVvPA5,28c37413c9d3329cb556da3a2e300699fba6fa2ba42d45caf3dc467b3d39861c,,
136,20190425,donation,Grin Amsterdam,BTC,0.80561685,5210.52,4197.68,3ChVP627KU5w4zu2rieFPF3wGXWQgmhvrs,fc3a55ec26e398c8dfe6dd18713978d3d653ee5a8bea62895f6a189295d8b836,Donation of proceeds from organizing the first Grin Amsterdam event,https://medium.com/@friendsofgrin/pressrelease-11-3-2019-13-00-f90c13046b92
137,20190506,donation,Anonymous,BTC,49.99992351,5900,294999.55,bc1qdgs8vkpzr256qjlzlfht72z3mhcrdrt6wj2rfjw39j8us24gz8uq78qj65,491ee02543c25d729616de43685d837aa8461b453fd63da8eed88487db4176b7,Anonymous donator,https://www.blockchain.com/btc/tx/491ee02543c25d729616de43685d837aa8461b453fd63da8eed88487db4176b7
138,20190521,donation,Sparkpool,GRIN,3953,2.68,10594.04,https://donations.grin-tech.org,9e9d883a-32a5-44e3-8024-690df896c6e6,Sparkpool's donation,
139,20190520,donation,Poloniex,BTC,0.2397,7978.31,1912.40,3ChVP627KU5w4zu2rieFPF3wGXWQgmhvrs,7c83118846280acf2ee913240f5a410a56878ecdbe9a33248b2b581f2369308e,Monthly donation to general fund #3,https://twitter.com/Poloniex/status/1130849980753690626
140,20190612,donation,Gate.io,BTC,5,8145.86,40729.3,3ChVP627KU5w4zu2rieFPF3wGXWQgmhvrs,75755cf441de64ad14eb72a5ba002bd9b206fe0d2a4db226ebde48a56227bf3a,For inclusion on Friends of Grin,
141,20190609,donation,Qi Tian,BTC,0.018,7688.08,138.39,bc1qdgs8vkpzr256qjlzlfht72z3mhcrdrt6wj2rfjw39j8us24gz8uq78qj65,0a67a5c52c14acbb4aa970e74f1ce1c2cb62846d0a47e50785e342a2f20c9cf7, For inclusion on Friends of Grin,
142,20190617,donation,Poloniex,BTC,0.41987,9320.35,3913.34,3ChVP627KU5w4zu2rieFPF3wGXWQgmhvrs,f1ff282378876feec2d13e9aace9928198e30ea3913b03a1979b2019de0dc209,Monthly donation to general fund #4,https://twitter.com/Poloniex/status/1140664085354287109
143,20190618,donation,hwph,BTC,0.0115,9081.76,104.44,3ChVP627KU5w4zu2rieFPF3wGXWQgmhvrs,d1f4895dfeddafe5e42c04b046a2c86b73b1d915064a6051e9a234d1e663e03a,For inclusion on Friends of Grin,
144,20190624,donation,Xiake Coin,BTC,0.01942599,11011.10,213.90,3ChVP627KU5w4zu2rieFPF3wGXWQgmhvrs,5ff99958afc2150e4d4339a5d6d8ceedf889010514c03bca257cb12821482af5,For inclusion on Friends of Grin,
145,20190625,donation,fengqingyang,ETH,0.368445670725710718,318.13,117.21,0x16726940eCEBdfb3c352C29bF2620f59EF919a3b,0x41e31c8414229b77c9f52b0fc9c5ec70333d1c2458ed69b546d6d0ad0f003197,For inclusion on Friends of Grin,
146,20190625,donation,PANDA,ETH,0.354028,318.13,112.63,0x16726940eCEBdfb3c352C29bF2620f59EF919a3b,0x77d57010186144b73e45f49a462ae3c538ecdcfeff9a7716802c01d96422f267,For inclusion on Friends of Grin,
147,20190626,donation,Tensor Turbulence,ETH,1.010101,336.75,340.15,0x16726940eCEBdfb3c352C29bF2620f59EF919a3b,0x2963d8bd0e43036d0ff62e93ebc0ea1bc9703a00b48e054590e4f75e6afb578d,For inclusion on Friends of Grin,
148,20190807,donation,Grin-pool.org,GRIN,12.04197631,3.03,36.49,https://council-donations.yeastplume.org,92f1b6e7-7cdf-46f3-b78b-6a8320db090b,Mining pool April donation,
149,20190807,donation,Grin-pool.org,GRIN,8.87853094,3.03,26.90,https://council-donations.yeastplume.org,4c8e0903-6e2d-4431-8498-7f4789d7b09d,Mining pool May donation,
150,20190807,donation,Grin-pool.org,GRIN,4.06132245,3.03,12.31,https://council-donations.yeastplume.org,64cedb38-e817-4b60-b1d6-7d06b04531e7,Mining pool June donation,
151,20190807,donation,Grin-pool.org,GRIN,3.87505922,3.03,11.74,https://council-donations.yeastplume.org,8aca1378-658e-461f-bcac-f23364303f75,Mining pool July donation,
152,20190804,donation,unknown,GRIN,2.0,3.21,6.42,https://council-donations.yeastplume.org,b44633bc-a459-4dc4-ac6c-2be40ea36ce8,,
153,20190806,donation,Sparkpool,GRIN,3125.0,3.10,9687.5,https://council-donations.yeastplume.org,e6db3c37-b43b-4cf7-a64f-502435956306,Sparkpool donation,
154,20190808,donation,unknown,GRIN,0.84184529,3.08,2.59,https://council-donations.yeastplume.org,6451c1b9-3444-4133-92b9-8bc0077a2fe5,,
155,20190627,donation,unknown,BTC,0.005,11182.81,55.91,3ChVP627KU5w4zu2rieFPF3wGXWQgmhvrs,232466af6231fbb4717dea6999bf68ede24869f96988aa5e794615a3fd1e52c6,,
156,20190717,donation,Poloniex,BTC,0.78859,9693.80,7644.43,3ChVP627KU5w4zu2rieFPF3wGXWQgmhvrs,185b902dbe2d5aa88b74b125f7c39e2ee89926f997f59e193f2c864f4b445934,Monthly donation to general fund #5,https://twitter.com/Poloniex/status/1151861373741277184
157,20190820,donation,Poloniex,BTC,0.20488,10763.23,2205.17,3ChVP627KU5w4zu2rieFPF3wGXWQgmhvrs,f89d8c0be8961aa8b5aabff9c1cda168b17419777c4033fcfa46999b91fef2f2,Monthly donation to general fund #6,https://twitter.com/Poloniex/status/1163866150251454464
158,20190507,donation,unknown,BTC,0.00001,5829.50,0.06,bc1qdgs8vkpzr256qjlzlfht72z3mhcrdrt6wj2rfjw39j8us24gz8uq78qj65,a1045274559822525f7bb7e40333a21b521ea23a4df5bcd2639a3587c3555a88,,
159,20190617,donation,unknown,BTC,0.018,9320.35,167.77,bc1qdgs8vkpzr256qjlzlfht72z3mhcrdrt6wj2rfjw39j8us24gz8uq78qj65,0a67a5c52c14acbb4aa970e74f1ce1c2cb62846d0a47e50785e342a2f20c9cf7,,
160,20190620,donation,unknown,BTC,0.00764143,9527.16,72.80,bc1qdgs8vkpzr256qjlzlfht72z3mhcrdrt6wj2rfjw39j8us24gz8uq78qj65,2352e78cd32e0492bc910b22a2d73eea88f7609d71c10eddaab003787d2bfe1b,,
161,20190721,donation,unknown,BTC,0.00110032,10144.56,11.16,bc1qdgs8vkpzr256qjlzlfht72z3mhcrdrt6wj2rfjw39j8us24gz8uq78qj65,f9588e81cceb2f85c51f0aba7a017604c8ddd11392cc985549799b6c6f7d4869,,
162,20190812,donation,unknown,BTC,0.02665638,11382.62,303.42,bc1qdgs8vkpzr256qjlzlfht72z3mhcrdrt6wj2rfjw39j8us24gz8uq78qj65,25a63d42388231c6b05c62534c7c76e476396b9d9a250fa85b13597f0da47bd9,,
163,20190829,change,N/A,BTC,2.86598119,9510.20,27256.05,3QcAQw7KUgynCE4evR3kEN6EBa6tHn4DpS,1a6ae870ec0208f6dce05b3d31667d352a0ceec77e95bb9819f2e7c27d1895e9,change as part of yeastplume payment,
164,20190918,donation,Poloniex,BTC,0.11956,10198.25,1219.30,3ChVP627KU5w4zu2rieFPF3wGXWQgmhvrs,0ae5942dbb6267c01be0a62ca32c19f900c44590eea7285ffd068b595498679a,Monthly donation to general fund #7,https://twitter.com/Poloniex/status/1174423096767524866
165,20190929,donation,jl2fa,BTC,0.015,8104.19,121.56,3ChVP627KU5w4zu2rieFPF3wGXWQgmhvrs,5ae49d9021e0cc1b3e5a578bad7cebeb629906ec52b331fb67e4b1d75b92440d,jl2fa donation to grin,
166,20191011,change,N/A,BTC,1.98493859,8321.76,16518.18,3DW7kZqb3h9mkZnbQ9eEAQHWjeYujhGDV5,e386338606a377505f812a560f138b84c458a042487d1f6e4e80fab9c1db3aec,change as part of lehnberg payment,
167,20191016,donation,Poloniex,BTC,0.10997,8047.53,884.99,3ChVP627KU5w4zu2rieFPF3wGXWQgmhvrs,487d89d4d6c73ba7c708cce3ff18e936f6ddf0065543462cc644c8ee8ba9c1e0,Monthly donation to general fund #8,https://twitter.com/Poloniex/status/1184534975581949953
168,20191105,donation,GGM,GRIN,403.816226121,1.21,488.62,https://council-donations.yeastplume.org,7778278c-4f6b-4291-9a96-18eb6cfdb965,Dev miner fee on Grinmint grincouncil account (mostly or only GGM),
169,20191106,sponsorship,Sparkpool,GRIN,4100,1.25,5125,https://council-donations.yeastplume.org,63cc6e45-ae56-4f7a-8e5f-f69bcf62cefb,Gold sponsor grincon1,
170,20191111,donation,Anonymous II,BTC,49.999223,8757.79,437882.70,3ChVP627KU5w4zu2rieFPF3wGXWQgmhvrs,0810b1644cea890aad01564de5e4518ebcddb4c84df0c93223f050d580edee45,Donation,https://forum.grin.mw/t/donation-to-the-grin-general-fund-nov-11/6446
171,20191113,donation,unknown,BTC,0.01001688,8808.26,88.23,3ChVP627KU5w4zu2rieFPF3wGXWQgmhvrs,0e785b789b460aaa9bcac7de41345af1f9ac3588fbacee08c01b0c3fcdc50456,,
172,,,,,,,,,,Removed Mar 06 2021 - inaccurate representation of consolidation. Replaced by spending log entry 51,
173,20191119,sponsorship,Qtum,BTC,1.875,8206.15,15386.53,39hgKkhfPFpwKRQ6yARGwU2uuVay69NKu4,cbdcbf45b10075d1f4d15fcdb5ba780f4e5b02af565165cf8f620a907832af41,Grin sponsor grincon1,
174,20191121,donation,Poloniex,BTC,0.03747000,7642.75,286.37,39hgKkhfPFpwKRQ6yARGwU2uuVay69NKu4,c4c3d6b409722f9021703021c2d118b51b5452174bed03cba036ec5317fe52e7,Monthly donation to general fund #9,https://twitter.com/Poloniex/status/1198105691547930629
175,20191123,donation,zhuroulao,GRIN,107,1.08,115.56,https://council-donations.yeastplume.org,4482c555-d420-4a18-bfd0-20966b1e06c6,For inclusion on Friends of Grin,
176,20191130,donation,unknown,BTC,0.00032624,7569.63,2.47,39hgKkhfPFpwKRQ6yARGwU2uuVay69NKu4,3672391158511bf2d46771eae0410ea205605bc1f6482f76ffab55dc3823adb2,,
177,20191222,donation,TMGOX,BTC,0.28026762,7511.59,2105.26,39hgKkhfPFpwKRQ6yARGwU2uuVay69NKu4,80c59a99b355ede467a0935102223117ed858ae059b055ad95bf2a200cd22223,Transparency report Dec 2019,https://github.com/0xb100d/TMGOX/blob/master/Transparency%20Report%20December%202019
178,20200104,donation,unknown,BTC,0.00389589,7410.66,28.87,39hgKkhfPFpwKRQ6yARGwU2uuVay69NKu4,5b8933fb3eebbdfe6402ebf4ecae38b9f6101a04979eabd7345cf66a51e1a6bf,,
179,20191213,donation,unkownn,BTC,0.00049149,7269.68,3.57,bc1qecw954uappnwhle6tmafqskn6vxmpr6lmmuwfwldphfxplcshgnssy9kmx,70b8262310197c461b296c080b8d9b8c2e2665aabe6694b621446860faec4a10,,
180,20200104,donation,unknown,BTC,0.00268897,7410.66,19.93,bc1qecw954uappnwhle6tmafqskn6vxmpr6lmmuwfwldphfxplcshgnssy9kmx,77e22d7f05d1d43fa49a2148bb78a14bcacd56d08d207a60b21de07cce502c72,,
181,20191008,donation,unknown,GRIN,9.7,1.32,12.80,https://council-donations.yeastplume.org,d4cac80f-bbc9-4729-9fe8-c910ba80344e,,
182,20191024,donation,unknown,GRIN,5,0.896914,4.48,https://council-donations.yeastplume.org,ee0c3d3f-c83d-4b2f-92af-a81ee0217012,,
183,20191024,donation,unknown,GRIN,10,0.896914,8.97,https://council-donations.yeastplume.org,970cadb5-f2b1-4462-9529-13ca395e04ff,,
184,20191118,donation,unknown,GRIN,5,1.33,6.65,https://council-donations.yeastplume.org,748de9b1-2c06-47e6-9c50-50addd51298d,,
185,20200127,donation,unknown,BTC,0.01295000,8909.82,115.38,39hgKkhfPFpwKRQ6yARGwU2uuVay69NKu4,173ba6ac198a9482b5ad7e913d879758b125f3923f550e45341fcffbc8a33e8c,,
186,20200209,donation,unknown,BTC,0.02167964,10116.67,219.33,39hgKkhfPFpwKRQ6yARGwU2uuVay69NKu4,bd6e2bc1a0a0afc5cb38a964b68735349f7d39c5ba7a926a13663dcf161c0f28,,
187,20200304,donation,unknown,BTC,0.06252000,8755.25,547.38,39hgKkhfPFpwKRQ6yARGwU2uuVay69NKu4,af90ead73d64d4ae48037bad18cc71e17aeb89ef828dc9e35c0f9d6438b89e92,,
188,20200124,donation,unknown,GRIN,1.00032889,1.02,1.02,https://council-donations.yeastplume.org,147ac5a5-9415-4f08-ab8a-92d5dd4f67be,,
189,20200204,donation,unknown,GRIN,5,1.09,5.45,https://council-donations.yeastplume.org,29ac2c50-4f9f-4d56-98e3-151c0a4b8469,,
190,20200324,donation,unknown,BTC,0.00129731,6734.80,8.74,bc1qecw954uappnwhle6tmafqskn6vxmpr6lmmuwfwldphfxplcshgnssy9kmx,9a6b963bff1b894f4621e0f557af778b1fb201bb1631060014a8dd15816a0a64,,
191,20200503,donation,unknown,GRIN,0.05,0.551762,0.03,https://council-donations.yeastplume.org,720709b6-f6d2-4fb2-b90e-3266dd3c5faa,,
192,20200503,donation,unknown,GRIN,0.05,0.551762,0.03,https://council-donations.yeastplume.org,ab866a25-48d8-400d-8673-b474704810b2,,
193,20200503,donation,unknown,GRIN,0.05,0.551762,0.03,https://council-donations.yeastplume.org,ed44e81e-8d6f-4a49-8443-b845ffc1f583,,
194,20200510,donation,unknown,GRIN,2,0.458742,0.92,https://council-donations.yeastplume.org,89813f2f-2f8e-4ecd-ad7f-5f73b2b51f77,,
195,20200529,donation,unknown,GRIN,20,0.494470,9.89,https://council-donations.yeastplume.org,f2ebc89e-9e76-4b45-99d0-8f46358cb4b3,,
196,20200604,donation,Grinnode.live,GRIN,100,0.574386,57.44,https://council-donations.yeastplume.org,f2ebc89e-9e76-4b45-99d0-8f46358cb4b3,Donation from node challenge,https://forum.grin.mw/t/grin-node-challenge-2020-win-over-800-grin-coins-and-free-grin-merchandise/7166/33
197,20200723,donation,Nervos,BTC,10.0,9581.07,95810.7,bc1qecw954uappnwhle6tmafqskn6vxmpr6lmmuwfwldphfxplcshgnssy9kmx,d7e9a6a942569ce3cbf7eff0000926fd83698e6ffe28edf6e6508ed055b33d5c,Mimblewimble donation,https://forum.grin.mw/t/a-message-from-nervos/7568
